<?xml version="1.0" encoding="UTF-8"?>
<project-private xmlns="http://www.netbeans.org/ns/project-private/1">
    <editor-bookmarks xmlns="http://www.netbeans.org/ns/editor-bookmarks/2" lastBookmarkId="0"/>
    <open-files xmlns="http://www.netbeans.org/ns/projectui-open-files/2">
        <group>
            <file>file:/C:/labcenter/AVR/AVR_TINY0/demos/AN2799/mplab1/fs_1607.X/petitfs/pff.c</file>
            <file>file:/C:/labcenter/AVR/AVR_TINY0/demos/AN2799/mplab1/fs_1607.X/main.c</file>
            <file>file:/C:/labcenter/AVR/AVR_TINY0/demos/AN2799/mplab1/fs_1607.X/petitfs/pff.h</file>
            <file>file:/C:/labcenter/AVR/AVR_TINY0/demos/AN2799/mplab1/fs_1607.X/petitfs/diskio_avr.c</file>
        </group>
    </open-files>
</project-private>
